Theta0,LIMIT_BAL,SEX,EDUCATION,MARRIAGE,AGE,PAY_1,PAY_2,PAY_3,PAY_4,PAY_5,PAY_6,BILL_AMT1,BILL_AMT2,BILL_AMT3,BILL_AMT4,BILL_AMT5,BILL_AMT6,PAY_AMT1,PAY_AMT2,PAY_AMT3,PAY_AMT4,PAY_AMT5,PAY_AMT6
-0.7326955331928218,-0.05306312256091166,-0.026359850516533712,-0.032289010698010094,-0.039845425367591406,0.030577531221305188,0.32792995999448743,0.041118105055311834,0.056761117218643055,0.004065811156165161,0.020832658115276594,0.0025285564741256246,-0.14523269412688466,0.032264221424554845,0.05093066611638692,-0.0002013779129296028,0.01933845189142621,0.0028774921024189194,-0.0997978645334055,-0.1040376498137183,-0.012771936414593708,-0.049153024784853165,-0.02452831324798908,-0.019261852244106672
